                                         My Modern Freedom™,,,,,,
,🧮 My Numbers:,,📊 My Summary:,,,
💸 Monthly Expenses,,,💻 Work Freedom,0.0%,,0.00%
💎 Cost of Ideal Lifestyle,,,💰 Financial Freedom,0.0%,,0.00
"💻 Online Income
(Type B)",,,🧠 Mental Freedom,0.0%,,
"💰 Passive Income
(Type A)",,,🗓️ Time Freedom,0.0%,,
💵 Liquid Assets,,,🌏 Modern Freedom,0.0%,,
🧠 Mental Freedom Score,,,,,,
❤️ Inspired Life Score,,,,,,
"© Lewis Mocker Education Pty. Ltd. Do not share, copy, reproduce or sell any part of this document unless you have written permission. All infringements will be prosecuted and you'll get trapped in the rat race for the rest of time.",,,,,,